Source,df,LN,RL,SL,LA,SDW,RDW,LDW,TDW
Replication,3,2.325,29.9,2.7,227,0.001294,0.0009766,0.007453,0.00788
Treatment,1,5.005,345.8,536.7,1308.6,0.018626,0.0001904,0.007359,0.00136
Genotypes,23,11.592,43.8,32.6,2708.1,0.01169,0.0020335,0.010291,0.04198
Error,164,1.358,14.1,5.8,751.5,0.007547,0.0008249,0.00488,0.01812
